0.5418112874031067, 0.8183320164680481, -3.6755243293384865e-09, 0.44534745812416077, 0.7944974899291992, -0.04565051198005676, 0.3698999881744385, 0.7055239677429199, -0.0700102373957634, 0.32582515478134155, 0.6216942667961121, -0.0947079136967659, 0.27826499938964844, 0.5696349143981934, -0.12160579115152359, 0.41640421748161316, 0.5312294363975525, -0.019090956076979637, 0.37867459654808044, 0.41161972284317017, -0.046763453632593155, 0.3522758185863495, 0.3349473476409912, -0.07342938333749771, 0.33137139678001404, 0.27249211072921753, -0.09511888027191162, 0.4707600474357605, 0.5050650238990784, -0.02448040246963501, 0.44536054134368896, 0.3649272918701172, -0.04826992377638817, 0.42765235900878906, 0.27425235509872437, -0.08164788037538528, 0.4149324297904968, 0.19957071542739868, -0.10891201347112656, 0.526142954826355, 0.5123310089111328, -0.0376807302236557, 0.507280707359314, 0.3721676468849182, -0.06531058251857758, 0.4955708086490631, 0.28472426533699036, -0.09990474581718445, 0.4857902228832245, 0.20962458848953247, -0.12587550282478333, 0.5848091840744019, 0.5447015762329102, -0.05730067566037178, 0.5985422134399414, 0.43895214796066284, -0.08591080456972122, 0.6073278188705444, 0.3666685223579407, -0.10982462763786316, 0.6149086356163025, 0.30091357231140137, -0.12822778522968292,okay
0.5552312135696411, 0.8365310430526733, -4.557970001428657e-09, 0.4493316113948822, 0.8016418218612671, -0.051349904388189316, 0.37991228699684143, 0.7117708921432495, -0.08157726377248764, 0.33315518498420715, 0.6299316883087158, -0.11360989511013031, 0.28886616230010986, 0.5668206214904785, -0.14897263050079346, 0.4234166741371155, 0.5330014824867249, -0.015791399404406548, 0.3830094337463379, 0.4104875326156616, -0.041495587676763535, 0.3592562675476074, 0.3305351138114929, -0.06617759168148041, 0.34008508920669556, 0.26326069235801697, -0.08689136803150177, 0.48030784726142883, 0.5086030960083008, -0.02372743748128414, 0.4551527202129364, 0.36179429292678833, -0.04019073769450188, 0.43827104568481445, 0.2673044800758362, -0.0698191225528717, 0.4267957806587219, 0.19234195351600647, -0.09653307497501373, 0.5339387059211731, 0.5149027705192566, -0.04166695475578308, 0.5187552571296692, 0.3697839081287384, -0.06438816338777542, 0.5095833539962769, 0.28175950050354004, -0.09955855458974838, 0.5018004179000854, 0.20683765411376953, -0.1282683163881302, 0.5883017778396606, 0.5410453677177429, -0.06722696870565414, 0.6018654704093933, 0.4368736743927002, -0.09348089247941971, 0.6089679002761841, 0.36501607298851013, -0.11838577687740326, 0.6145167946815491, 0.29642146825790405, -0.13903935253620148,okay
0.5551637411117554, 0.8431078195571899, -5.9380580452739196e-09, 0.44723451137542725, 0.8038719892501831, -0.04286479949951172, 0.3817331790924072, 0.7116367816925049, -0.06908556073904037, 0.33453238010406494, 0.631233811378479, -0.0989421084523201, 0.2888161540031433, 0.5697417259216309, -0.1329929381608963, 0.4246329665184021, 0.5326769351959229, -0.007966781035065651, 0.38298892974853516, 0.4106597900390625, -0.029917500913143158, 0.3590255677700043, 0.3311192989349365, -0.050598692148923874, 0.3398130238056183, 0.2647722363471985, -0.068588986992836, 0.4807593822479248, 0.5112994313240051, -0.021047426387667656, 0.4536176919937134, 0.36428695917129517, -0.03329161927103996, 0.43683087825775146, 0.26767295598983765, -0.059016432613134384, 0.42486780881881714, 0.19149476289749146, -0.08379627764225006, 0.5333597660064697, 0.518409013748169, -0.044017646461725235, 0.5170937180519104, 0.37060457468032837, -0.06542191654443741, 0.5085462927818298, 0.2814221978187561, -0.10085994005203247, 0.5005683898925781, 0.20628169178962708, -0.13016842305660248, 0.5867454409599304, 0.542044460773468, -0.07380596548318863, 0.5982421636581421, 0.43542811274528503, -0.09953487664461136, 0.6050487160682678, 0.3630424737930298, -0.12493675947189331, 0.6098332405090332, 0.293307363986969, -0.14652115106582642,okay
0.5596256852149963, 0.8450229167938232, -5.91217075296413e-09, 0.4494141638278961, 0.8065412640571594, -0.04699672386050224, 0.3828670382499695, 0.71525639295578, -0.07445205003023148, 0.3311813473701477, 0.6368367075920105, -0.10547181218862534, 0.28548240661621094, 0.5746704936027527, -0.1407899707555771, 0.4253031015396118, 0.5369361639022827, -0.003330425126478076, 0.3833635747432709, 0.41347426176071167, -0.02220642752945423, 0.359518438577652, 0.3327163755893707, -0.040596719831228256, 0.3398425281047821, 0.26607394218444824, -0.05749491974711418, 0.481281042098999, 0.5168821811676025, -0.015318529680371284, 0.45141735672950745, 0.37055009603500366, -0.022441232576966286, 0.4321300983428955, 0.2731807231903076, -0.04576622322201729, 0.4176040589809418, 0.196882426738739, -0.06971407681703568, 0.5335310101509094, 0.5234452486038208, -0.03839631378650665, 0.5167453289031982, 0.37593966722488403, -0.05738655850291252, 0.5058757662773132, 0.28777673840522766, -0.09362857043743134, 0.49449416995048523, 0.21231454610824585, -0.12401637434959412, 0.5867677927017212, 0.5444762110710144, -0.06892973929643631, 0.6017691493034363, 0.4395029842853546, -0.0941254273056984, 0.6089059710502625, 0.36754393577575684, -0.12035249173641205, 0.6119626760482788, 0.29664844274520874, -0.14283323287963867,okay
0.559497594833374, 0.8495394587516785, -6.48940279290855e-09, 0.44860512018203735, 0.8081322908401489, -0.042599279433488846, 0.38473454117774963, 0.7154901027679443, -0.06601716578006744, 0.33504384756088257, 0.6375482678413391, -0.0940268337726593, 0.2877631187438965, 0.5808931589126587, -0.12624870240688324, 0.4265117049217224, 0.5389283299446106, 0.008681412786245346, 0.3852370083332062, 0.41741394996643066, -0.0070321448147296906, 0.36091724038124084, 0.3397306799888611, -0.02358216419816017, 0.3404298424720764, 0.27754247188568115, -0.03907086327672005, 0.4829689562320709, 0.517413318157196, -0.004835795611143112, 0.4543079435825348, 0.3711690902709961, -0.00875330064445734, 0.43432626128196716, 0.275776743888855, -0.03088453970849514, 0.41937482357025146, 0.20322006940841675, -0.053754713386297226, 0.5356278419494629, 0.523966908454895, -0.029896443709731102, 0.5209996104240417, 0.37631750106811523, -0.046503420919179916, 0.5101427435874939, 0.2884182333946228, -0.08198391646146774, 0.49951812624931335, 0.21468234062194824, -0.11179190874099731, 0.5884836912155151, 0.54515141248703, -0.06235915422439575, 0.6043614745140076, 0.44237586855888367, -0.08581715077161789, 0.609766960144043, 0.37033402919769287, -0.11153394728899002, 0.6120671629905701, 0.299509197473526, -0.13349048793315887,okay
0.5576172471046448, 0.8482539653778076, -7.028165605049708e-09, 0.45055660605430603, 0.8089761734008789, -0.04539377987384796, 0.3851776719093323, 0.7186801433563232, -0.07279305905103683, 0.33487004041671753, 0.6411796808242798, -0.10433182865381241, 0.2880398631095886, 0.5832659006118774, -0.13998530805110931, 0.42666590213775635, 0.5394140481948853, -0.0011560278944671154, 0.38370978832244873, 0.4196241796016693, -0.020191291347146034, 0.3612362742424011, 0.34045273065567017, -0.03918809816241264, 0.3433399796485901, 0.27444785833358765, -0.05629579350352287, 0.4822617471218109, 0.5173615217208862, -0.01395268365740776, 0.451831191778183, 0.3723467290401459, -0.021288588643074036, 0.4340648055076599, 0.27706074714660645, -0.044982101768255234, 0.4209214150905609, 0.20224353671073914, -0.06892658025026321, 0.5347155332565308, 0.5240159630775452, -0.037785258144140244, 0.5181635022163391, 0.3783758282661438, -0.05529867485165596, 0.5087671875953674, 0.2912571132183075, -0.09031673520803452, 0.4991653561592102, 0.2177882194519043, -0.12000644207000732, 0.5884000062942505, 0.5472488403320312, -0.06914358586072922, 0.6017505526542664, 0.4419754147529602, -0.0923721045255661, 0.6076192855834961, 0.3697573244571686, -0.1174105629324913, 0.6101409196853638, 0.29929935932159424, -0.13911959528923035,okay
0.5596411228179932, 0.8405424356460571, -8.191365807874718e-09, 0.448974609375, 0.7986798882484436, -0.0444987416267395, 0.3850812017917633, 0.7150101065635681, -0.07444877922534943, 0.3326757550239563, 0.6436353921890259, -0.1093396544456482, 0.2842278480529785, 0.5820338726043701, -0.14959053695201874, 0.4283946454524994, 0.5360442996025085, -0.008057761937379837, 0.3868582248687744, 0.41581934690475464, -0.03152724355459213, 0.3626149594783783, 0.337454617023468, -0.05330593138933182, 0.3427295386791229, 0.2741914689540863, -0.07243229448795319, 0.4843248128890991, 0.5174611806869507, -0.02464456669986248, 0.45350101590156555, 0.3719881772994995, -0.038478706032037735, 0.43318191170692444, 0.27714043855667114, -0.06634025275707245, 0.41836827993392944, 0.20293232798576355, -0.09307822585105896, 0.5371765494346619, 0.524782657623291, -0.05203240364789963, 0.5198199152946472, 0.3794021010398865, -0.07642308622598648, 0.5086386203765869, 0.291643887758255, -0.11634734272956848, 0.4986504316329956, 0.21858766674995422, -0.14909298717975616, 0.5892162919044495, 0.5448931455612183, -0.0863596647977829, 0.6012784242630005, 0.4391818046569824, -0.11583859473466873, 0.606273889541626, 0.3656751811504364, -0.1453106701374054, 0.6094924211502075, 0.29357296228408813, -0.17034777998924255,okay
0.5587829351425171, 0.8451753854751587, -8.073207879988331e-09, 0.44712746143341064, 0.802703320980072, -0.03933242708444595, 0.3838461935520172, 0.7163105010986328, -0.06504233926534653, 0.33282339572906494, 0.642123281955719, -0.09631656855344772, 0.284885048866272, 0.5824675559997559, -0.13276463747024536, 0.4286445379257202, 0.5378775596618652, -0.0012219035997986794, 0.38528379797935486, 0.4182072877883911, -0.02345220185816288, 0.3596169054508209, 0.34028300642967224, -0.04460875689983368, 0.3380601406097412, 0.27681878209114075, -0.0634678453207016, 0.48474323749542236, 0.5176573395729065, -0.019602186977863312, 0.4540553689002991, 0.37259379029273987, -0.03338666632771492, 0.43297502398490906, 0.27787888050079346, -0.061649952083826065, 0.41711562871932983, 0.2044847011566162, -0.08850868046283722, 0.5377230644226074, 0.5249636173248291, -0.048554953187704086, 0.523356556892395, 0.37822771072387695, -0.0743868499994278, 0.5133829712867737, 0.2906290292739868, -0.11540333181619644, 0.5038305521011353, 0.21755075454711914, -0.1482846736907959, 0.5893839597702026, 0.5465331077575684, -0.08387088775634766, 0.6046869158744812, 0.44071680307388306, -0.11498010158538818, 0.609667956829071, 0.3672172427177429, -0.14560912549495697, 0.6125420331954956, 0.2953954041004181, -0.17112480103969574,okay
0.5531121492385864, 0.8471648097038269, -7.302420446109181e-09, 0.4476160705089569, 0.8136076331138611, -0.05467682704329491, 0.3762710392475128, 0.7194274663925171, -0.08802709728479385, 0.320995569229126, 0.6414300799369812, -0.12337130308151245, 0.2676767110824585, 0.5899646878242493, -0.1624368280172348, 0.4188135266304016, 0.5421262383460999, -0.021921979263424873, 0.3773505985736847, 0.4241481125354767, -0.04869408160448074, 0.3554871380329132, 0.3446955978870392, -0.07221880555152893, 0.33717894554138184, 0.2781902551651001, -0.09203273057937622, 0.47460007667541504, 0.5170550346374512, -0.03139609098434448, 0.4436373710632324, 0.37426748871803284, -0.046118419617414474, 0.4251055419445038, 0.279555082321167, -0.07359617948532104, 0.4097456932067871, 0.2022312879562378, -0.10031986236572266, 0.5278152227401733, 0.5213490128517151, -0.05159570649266243, 0.5119625926017761, 0.3788747191429138, -0.07430083304643631, 0.5026023387908936, 0.2926546633243561, -0.11102758347988129, 0.4913637042045593, 0.21817317605018616, -0.14165903627872467, 0.5828204154968262, 0.5443106293678284, -0.0799214318394661, 0.5987452864646912, 0.43975338339805603, -0.10587652772665024, 0.6083834171295166, 0.36956119537353516, -0.1316356658935547, 0.6131741404533386, 0.30066317319869995, -0.15388800203800201,okay
0.5551272034645081, 0.8432005643844604, -8.247826421836635e-09, 0.4475262463092804, 0.811663031578064, -0.05782690271735191, 0.3768719732761383, 0.7199043035507202, -0.09287834167480469, 0.3195810914039612, 0.6433663368225098, -0.12979310750961304, 0.2657134532928467, 0.5861372947692871, -0.17065270245075226, 0.4206816852092743, 0.541132390499115, -0.02227311208844185, 0.37894752621650696, 0.4197162389755249, -0.048769209533929825, 0.3555189073085785, 0.3401540219783783, -0.0712333470582962, 0.3360890746116638, 0.275099515914917, -0.09069567918777466, 0.477040559053421, 0.517134964466095, -0.03222943842411041, 0.4492630958557129, 0.3706269860267639, -0.04621701315045357, 0.43082717061042786, 0.2742152810096741, -0.07272357493638992, 0.41641557216644287, 0.19737651944160461, -0.09900808334350586, 0.529273509979248, 0.5230316519737244, -0.053749505430459976, 0.5151063799858093, 0.37636005878448486, -0.07771947979927063, 0.5047184228897095, 0.28908848762512207, -0.11545814573764801, 0.49319058656692505, 0.21376773715019226, -0.1468753218650818, 0.581974983215332, 0.5470543503761292, -0.08369036763906479, 0.5996575355529785, 0.4422326982021332, -0.11261190474033356, 0.6097095012664795, 0.3697027266025543, -0.14015287160873413, 0.6155465245246887, 0.2981211841106415, -0.16340762376785278,okay
0.5479321479797363, 0.846930980682373, -7.958718128975306e-09, 0.446953684091568, 0.8046541213989258, -0.05382153391838074, 0.3791826367378235, 0.706997275352478, -0.08676712960004807, 0.32203495502471924, 0.6342443227767944, -0.12203466892242432, 0.26441311836242676, 0.5896413326263428, -0.16056856513023376, 0.42090123891830444, 0.5404202342033386, -0.020518723875284195, 0.37426868081092834, 0.4257012605667114, -0.05133088678121567, 0.3415287733078003, 0.3541337251663208, -0.07692904770374298, 0.3121253252029419, 0.2976076304912567, -0.09768680483102798, 0.4751143455505371, 0.5174378156661987, -0.031591616570949554, 0.44752436876296997, 0.37383800745010376, -0.051971644163131714, 0.42593446373939514, 0.27986061573028564, -0.08274225890636444, 0.4071905314922333, 0.20379304885864258, -0.11062362045049667, 0.5270264148712158, 0.5238317847251892, -0.05373068153858185, 0.5135742425918579, 0.3815864622592926, -0.08216756582260132, 0.5013352036476135, 0.29482337832450867, -0.12092515826225281, 0.4862215518951416, 0.21787920594215393, -0.15156391263008118, 0.581051230430603, 0.5494703054428101, -0.08387191593647003, 0.5992614030838013, 0.4435557723045349, -0.11426941305398941, 0.6092392802238464, 0.37080520391464233, -0.14157293736934662, 0.6135850548744202, 0.29829636216163635, -0.16400474309921265,okay
0.542448878288269, 0.8292219638824463, -1.3168130585938798e-08, 0.45287176966667175, 0.7858465909957886, -0.06320753693580627, 0.38984647393226624, 0.6876733899116516, -0.1047617495059967, 0.3474806547164917, 0.6095144748687744, -0.14715085923671722, 0.3050716519355774, 0.5526845455169678, -0.1902121901512146, 0.4103187322616577, 0.5377873182296753, -0.033979181200265884, 0.3830065131187439, 0.44329166412353516, -0.07561465352773666, 0.3687884211540222, 0.43168124556541443, -0.10158361494541168, 0.3598770797252655, 0.44951677322387695, -0.11923132091760635, 0.46342653036117554, 0.5067527294158936, -0.0402802973985672, 0.4363512396812439, 0.3643556237220764, -0.0722174271941185, 0.4181493818759918, 0.27523747086524963, -0.11109652370214462, 0.39973288774490356, 0.1969836950302124, -0.1435829997062683, 0.5184417366981506, 0.5092802047729492, -0.05848309397697449, 0.5034583806991577, 0.3686322569847107, -0.08606323599815369, 0.4931754469871521, 0.28184789419174194, -0.11981240659952164, 0.4817248284816742, 0.2095957100391388, -0.14868178963661194, 0.578209638595581, 0.5324194431304932, -0.0859081894159317, 0.591956377029419, 0.43108755350112915, -0.1105090007185936, 0.600937008857727, 0.35767048597335815, -0.1317025125026703, 0.604744553565979, 0.28426212072372437, -0.15058192610740662,okay
0.5304051637649536, 0.8347604274749756, -1.1354804207996949e-08, 0.4479730725288391, 0.7808363437652588, -0.04585415869951248, 0.3964194059371948, 0.6835630536079407, -0.08518023788928986, 0.3751465976238251, 0.5992738008499146, -0.12746156752109528, 0.3541908264160156, 0.5263984203338623, -0.17032602429389954, 0.4052676558494568, 0.5331907272338867, -0.035157348960638046, 0.36986804008483887, 0.43509092926979065, -0.08063371479511261, 0.3558514714241028, 0.43220362067222595, -0.11036274582147598, 0.3466818630695343, 0.4579451084136963, -0.13102316856384277, 0.4546450972557068, 0.5068768262863159, -0.04993439465761185, 0.42222297191619873, 0.36453643441200256, -0.09357327222824097, 0.40297067165374756, 0.2840687930583954, -0.14015746116638184, 0.3798922896385193, 0.21754109859466553, -0.1764562726020813, 0.5102364420890808, 0.5131323933601379, -0.07344656437635422, 0.4854991137981415, 0.3708737790584564, -0.1107773706316948, 0.47162115573883057, 0.28097909688949585, -0.1513368934392929, 0.4544285833835602, 0.20923885703086853, -0.18374371528625488, 0.5722936391830444, 0.5423068404197693, -0.10293534398078918, 0.5753284692764282, 0.43903297185897827, -0.13424861431121826, 0.5771277546882629, 0.3656107783317566, -0.15980164706707, 0.5733880996704102, 0.2952965199947357, -0.18194223940372467,okay
0.5263873934745789, 0.8380484580993652, -1.105100722043062e-08, 0.4452855587005615, 0.7877473831176758, -0.05107034742832184, 0.39290016889572144, 0.6848833560943604, -0.08898258954286575, 0.3660390079021454, 0.5955050587654114, -0.12775513529777527, 0.33004051446914673, 0.5229331851005554, -0.16510529816150665, 0.39489033818244934, 0.5381838083267212, -0.028534037992358208, 0.3614095449447632, 0.4401310682296753, -0.06690042465925217, 0.34599465131759644, 0.44254693388938904, -0.09044057875871658, 0.33382049202919006, 0.47312408685684204, -0.10665480047464371, 0.4434892237186432, 0.5056341290473938, -0.03544709086418152, 0.4085671305656433, 0.3619024157524109, -0.06867949664592743, 0.3849705159664154, 0.2805509865283966, -0.10730541497468948, 0.3574903905391693, 0.20698121190071106, -0.13847778737545013, 0.49746236205101013, 0.5094824433326721, -0.05165524035692215, 0.4759562909603119, 0.3670814633369446, -0.07703068852424622, 0.463961660861969, 0.2810021638870239, -0.10676858574151993, 0.4495822489261627, 0.20875129103660583, -0.1323891431093216, 0.5570775866508484, 0.5368783473968506, -0.07506854087114334, 0.5648841857910156, 0.4343746602535248, -0.09522076696157455, 0.5721256732940674, 0.3605334460735321, -0.11245479434728622, 0.5740335583686829, 0.2861524224281311, -0.12846161425113678,okay
0.5233162045478821, 0.8417051434516907, -1.1362449647833728e-08, 0.4414234757423401, 0.7892075777053833, -0.051388900727033615, 0.3902882933616638, 0.6882060766220093, -0.08869211375713348, 0.3634210526943207, 0.5989027619361877, -0.12643219530582428, 0.32845985889434814, 0.5263268351554871, -0.16273793578147888, 0.39016440510749817, 0.5403662919998169, -0.028705891221761703, 0.35535314679145813, 0.44561928510665894, -0.0681515485048294, 0.3388555943965912, 0.44697171449661255, -0.0931074246764183, 0.32597923278808594, 0.4751719832420349, -0.10979697108268738, 0.43999409675598145, 0.5057188868522644, -0.034283000975847244, 0.40334534645080566, 0.36144042015075684, -0.06975632160902023, 0.37981152534484863, 0.28064048290252686, -0.11029485613107681, 0.35237300395965576, 0.20907741785049438, -0.14200212061405182, 0.49516454339027405, 0.5070557594299316, -0.04897914454340935, 0.4742676913738251, 0.3653610348701477, -0.07674343883991241, 0.4623519778251648, 0.28013211488723755, -0.10851627588272095, 0.4474693536758423, 0.20846468210220337, -0.13450098037719727, 0.5559303760528564, 0.5324357748031616, -0.07066810876131058, 0.5639899373054504, 0.42958390712738037, -0.09191304445266724, 0.5707051157951355, 0.3571092486381531, -0.11031948029994965, 0.5707049369812012, 0.28407374024391174, -0.12672384083271027,okay
0.5178712010383606, 0.8358100652694702, -1.3339469084883149e-08, 0.4343812167644501, 0.7837252616882324, -0.04747253283858299, 0.3833095133304596, 0.6827519536018372, -0.08504123985767365, 0.35448798537254333, 0.5968701839447021, -0.12487640231847763, 0.3158957362174988, 0.5274578928947449, -0.16374707221984863, 0.38702988624572754, 0.5378981232643127, -0.02330276556313038, 0.34727543592453003, 0.4476564824581146, -0.06229561194777489, 0.323933482170105, 0.4536947011947632, -0.08717726916074753, 0.3072430193424225, 0.4845961034297943, -0.10426484793424606, 0.4359199106693268, 0.5063777565956116, -0.0333884060382843, 0.3990679979324341, 0.3627029061317444, -0.0657113641500473, 0.37423092126846313, 0.28081902861595154, -0.10469654202461243, 0.3485052287578583, 0.20645394921302795, -0.13644540309906006, 0.49004364013671875, 0.5104423761367798, -0.0529838390648365, 0.4691045880317688, 0.3704003095626831, -0.07643505930900574, 0.45761796832084656, 0.284513920545578, -0.1053416058421135, 0.4455795884132385, 0.21116968989372253, -0.13107389211654663, 0.549575686454773, 0.5358819961547852, -0.07995250821113586, 0.5576480031013489, 0.43675944209098816, -0.09822996705770493, 0.5660666227340698, 0.3636907935142517, -0.11454451829195023, 0.5693579912185669, 0.2876690924167633, -0.13029950857162476,okay
0.5157476663589478, 0.8333187103271484, -1.360241519421379e-08, 0.431139200925827, 0.7798486948013306, -0.04854349419474602, 0.381314218044281, 0.6784917712211609, -0.08710384368896484, 0.3498070240020752, 0.595090389251709, -0.1272537112236023, 0.31007152795791626, 0.5284326076507568, -0.1666083037853241, 0.3868866562843323, 0.5357847809791565, -0.028603611513972282, 0.34634286165237427, 0.442288339138031, -0.06722932308912277, 0.32449886202812195, 0.447287380695343, -0.09014464914798737, 0.30847835540771484, 0.4793875813484192, -0.10560672730207443, 0.4377179741859436, 0.5061849355697632, -0.037780728191137314, 0.399788498878479, 0.3613511621952057, -0.06863240897655487, 0.3749232292175293, 0.2771795988082886, -0.10446962714195251, 0.3488523066043854, 0.20201164484024048, -0.13409623503684998, 0.4918654263019562, 0.5111219882965088, -0.05623454600572586, 0.4698140621185303, 0.3678895831108093, -0.07857737690210342, 0.45726707577705383, 0.2807830572128296, -0.10538630187511444, 0.4449346959590912, 0.2079508900642395, -0.12984433770179749, 0.5497032403945923, 0.5354914665222168, -0.08216293156147003, 0.5580877065658569, 0.43517959117889404, -0.09960494190454483, 0.5652243494987488, 0.36261892318725586, -0.1145920604467392, 0.567771852016449, 0.2879917025566101, -0.1293635368347168,okay
0.5129451751708984, 0.8286386728286743, -1.580139574741679e-08, 0.4305269420146942, 0.7845409512519836, -0.05240544304251671, 0.37749841809272766, 0.6898942589759827, -0.0945715382695198, 0.34609225392341614, 0.6072935461997986, -0.13696418702602386, 0.30211713910102844, 0.5426633358001709, -0.17796072363853455, 0.38080960512161255, 0.5357575416564941, -0.0446685291826725, 0.33827200531959534, 0.44111666083335876, -0.08879135549068451, 0.31725889444351196, 0.45442110300064087, -0.11333980411291122, 0.3022984266281128, 0.4928634762763977, -0.1299131065607071, 0.43150773644447327, 0.5039917826652527, -0.05353379249572754, 0.3907601535320282, 0.35728132724761963, -0.0926588773727417, 0.36614489555358887, 0.2740916609764099, -0.1314094215631485, 0.34061098098754883, 0.19669321179389954, -0.16273625195026398, 0.48626992106437683, 0.5089043378829956, -0.07096899300813675, 0.46473032236099243, 0.3664657473564148, -0.0994049534201622, 0.4535992741584778, 0.2811143696308136, -0.12749110162258148, 0.44195061922073364, 0.20697417855262756, -0.1521507203578949, 0.544690728187561, 0.5346797108650208, -0.09570906311273575, 0.5527169704437256, 0.43381693959236145, -0.11747246980667114, 0.5600587725639343, 0.36005571484565735, -0.13434456288814545, 0.5624876022338867, 0.28286516666412354, -0.15017303824424744,okay
0.5073683857917786, 0.8279306292533875, -1.5356377502939722e-08, 0.42680153250694275, 0.7848436236381531, -0.0632261112332344, 0.37331289052963257, 0.6941804885864258, -0.1122775748372078, 0.3395954370498657, 0.615196168422699, -0.1598178744316101, 0.29732146859169006, 0.5499153733253479, -0.20655560493469238, 0.36950358748435974, 0.5385733246803284, -0.06127535179257393, 0.3299851715564728, 0.4440953731536865, -0.11059828847646713, 0.3108512759208679, 0.45706725120544434, -0.13815924525260925, 0.29639095067977905, 0.4976922273635864, -0.15660448372364044, 0.4233117997646332, 0.5050552487373352, -0.06687094271183014, 0.38551631569862366, 0.35796889662742615, -0.11042191833257675, 0.36220526695251465, 0.27541422843933105, -0.15196508169174194, 0.33597075939178467, 0.20074477791786194, -0.18536454439163208, 0.48074832558631897, 0.5088049173355103, -0.08152246475219727, 0.4598178267478943, 0.36537206172943115, -0.11433979123830795, 0.44879892468452454, 0.2786361873149872, -0.1465214043855667, 0.43520382046699524, 0.20353949069976807, -0.17430728673934937, 0.5406026840209961, 0.5347919464111328, -0.10406539589166641, 0.5477715730667114, 0.43581825494766235, -0.12947766482830048, 0.5541281700134277, 0.36509108543395996, -0.1494198441505432, 0.5546509027481079, 0.2920532822608948, -0.16770805418491364,okay
0.5090039372444153, 0.8261667490005493, -1.6388304047154634e-08, 0.42482393980026245, 0.7806756496429443, -0.05600889399647713, 0.3735930621623993, 0.6882026195526123, -0.10115638375282288, 0.3356630504131317, 0.6121095418930054, -0.14676935970783234, 0.29399341344833374, 0.5470852255821228, -0.19241444766521454, 0.3725529909133911, 0.5372413992881775, -0.048508767038583755, 0.33013781905174255, 0.44658708572387695, -0.09275627881288528, 0.3072337508201599, 0.4557848572731018, -0.11667215079069138, 0.29094618558883667, 0.4933226406574249, -0.13267099857330322, 0.4260577857494354, 0.5048665404319763, -0.05802987143397331, 0.3882904052734375, 0.358436644077301, -0.09496532380580902, 0.36440011858940125, 0.27247288823127747, -0.13180789351463318, 0.33947306871414185, 0.19591060280799866, -0.16235056519508362, 0.482710599899292, 0.5077858567237854, -0.0768258348107338, 0.4621138274669647, 0.3646599054336548, -0.10512447357177734, 0.4499223232269287, 0.27860227227211, -0.1346677988767624, 0.4371991753578186, 0.20623907446861267, -0.16095328330993652, 0.5418835878372192, 0.5300914645195007, -0.10330425947904587, 0.5509876012802124, 0.42927873134613037, -0.12607774138450623, 0.5575405955314636, 0.356850266456604, -0.1443048119544983, 0.5589122176170349, 0.2832092344760895, -0.1613743156194687,okay
0.5113544464111328, 0.8297778964042664, -1.4317957486298383e-08, 0.426824152469635, 0.7899035215377808, -0.059521760791540146, 0.37258344888687134, 0.6966449618339539, -0.10481368005275726, 0.3368346691131592, 0.6162208914756775, -0.15008629858493805, 0.29289311170578003, 0.5481184720993042, -0.19518344104290009, 0.37104201316833496, 0.5409044027328491, -0.046444471925497055, 0.33103054761886597, 0.4428468644618988, -0.08978118747472763, 0.3106008768081665, 0.4446582794189453, -0.11513642221689224, 0.29567304253578186, 0.47552168369293213, -0.13292811810970306, 0.4241275489330292, 0.5076360106468201, -0.054075781255960464, 0.38569653034210205, 0.3604614734649658, -0.09094183892011642, 0.3607369661331177, 0.27556174993515015, -0.13034014403820038, 0.3347742259502411, 0.20100080966949463, -0.16276602447032928, 0.47975003719329834, 0.509304404258728, -0.0713510662317276, 0.4575757384300232, 0.3661344647407532, -0.1005232110619545, 0.44293180108070374, 0.28214403986930847, -0.13278189301490784, 0.4273160398006439, 0.21102318167686462, -0.16080158948898315, 0.5382845401763916, 0.5315393209457397, -0.09655112028121948, 0.5478363037109375, 0.42903056740760803, -0.1208544373512268, 0.5558010339736938, 0.35517042875289917, -0.1410343497991562, 0.5584703683853149, 0.28022029995918274, -0.15949797630310059,okay
0.5062472820281982, 0.8235750198364258, -1.4158387351415058e-08, 0.4182559847831726, 0.7769650816917419, -0.05526763200759888, 0.36527884006500244, 0.679790198802948, -0.09694955497980118, 0.3284302055835724, 0.6005510091781616, -0.13954061269760132, 0.2833123803138733, 0.5372177958488464, -0.1821519434452057, 0.36914876103401184, 0.5328698754310608, -0.03493907302618027, 0.3259458541870117, 0.43985021114349365, -0.07333633303642273, 0.3036655783653259, 0.44304946064949036, -0.0966128557920456, 0.28654128313064575, 0.4708276391029358, -0.11331310123205185, 0.421637624502182, 0.5029411911964417, -0.04367893561720848, 0.3834267854690552, 0.3585539162158966, -0.07401217520236969, 0.3577958643436432, 0.2752389907836914, -0.11057641357183456, 0.3315064311027527, 0.2027943730354309, -0.1415950506925583, 0.4767201542854309, 0.5057664513587952, -0.062277860939502716, 0.4544500410556793, 0.3643620014190674, -0.08596877008676529, 0.4410938024520874, 0.2792549729347229, -0.11640937626361847, 0.4271787405014038, 0.20746812224388123, -0.1439550518989563, 0.5348137021064758, 0.5263097286224365, -0.08880247175693512, 0.5428562164306641, 0.4251876771450043, -0.10894276946783066, 0.5500817894935608, 0.3525027334690094, -0.12738707661628723, 0.5518566966056824, 0.2777405083179474, -0.14504964649677277,okay
0.502443790435791, 0.8235700130462646, -1.508084501722351e-08, 0.41580960154533386, 0.7779929637908936, -0.05274389311671257, 0.36168891191482544, 0.6819810271263123, -0.09535511583089828, 0.3239346742630005, 0.6042498350143433, -0.13964064419269562, 0.27904272079467773, 0.538827121257782, -0.1839078962802887, 0.36642372608184814, 0.5308347344398499, -0.037259913980960846, 0.3218127191066742, 0.4397565424442291, -0.07903668284416199, 0.2972567081451416, 0.44494280219078064, -0.1040673777461052, 0.2783108353614807, 0.4771440625190735, -0.12166745215654373, 0.418194979429245, 0.5015946626663208, -0.04837401583790779, 0.3776927590370178, 0.35685300827026367, -0.08348564803600311, 0.3507590591907501, 0.2722227871417999, -0.12209971249103546, 0.32274502515792847, 0.19816064834594727, -0.154155895113945, 0.4734995365142822, 0.5058058500289917, -0.06904306262731552, 0.4513951539993286, 0.3650420010089874, -0.09635572135448456, 0.43684613704681396, 0.27980005741119385, -0.1269441843032837, 0.421315997838974, 0.2090282142162323, -0.1540273278951645, 0.5315261483192444, 0.528893232345581, -0.0973701924085617, 0.5398637056350708, 0.4282069504261017, -0.11993004381656647, 0.546436071395874, 0.355100154876709, -0.13866104185581207, 0.5474840998649597, 0.2814842462539673, -0.15624114871025085,okay
0.5026804208755493, 0.8252137899398804, -1.5094574479235234e-08, 0.41495057940483093, 0.779748797416687, -0.05457752197980881, 0.36210837960243225, 0.6834410429000854, -0.09689293801784515, 0.3218003511428833, 0.6068240404129028, -0.1399451047182083, 0.2749828100204468, 0.5448915958404541, -0.18326091766357422, 0.36550256609916687, 0.5332865715026855, -0.04170311987400055, 0.32036563754081726, 0.44271668791770935, -0.08345813304185867, 0.29368340969085693, 0.451462984085083, -0.10644661635160446, 0.27405935525894165, 0.4871601462364197, -0.12235567718744278, 0.41836631298065186, 0.5039865374565125, -0.0518375001847744, 0.3780602216720581, 0.3580809235572815, -0.08591850101947784, 0.3506735861301422, 0.271420955657959, -0.12221265584230423, 0.32359468936920166, 0.1957838535308838, -0.15296481549739838, 0.47411906719207764, 0.5089924335479736, -0.07163294404745102, 0.45218566060066223, 0.36544153094291687, -0.09951117634773254, 0.43846461176872253, 0.279004842042923, -0.13001057505607605, 0.42420533299446106, 0.20606961846351624, -0.15713679790496826, 0.5327178239822388, 0.5321975350379944, -0.09913701564073563, 0.5419331789016724, 0.43418818712234497, -0.12295883148908615, 0.5468496680259705, 0.36306503415107727, -0.14228259027004242, 0.5457195043563843, 0.2901252210140228, -0.16015726327896118,okay
0.5033398866653442, 0.817049503326416, -1.4583792840028309e-08, 0.4137541651725769, 0.7753223180770874, -0.05504753813147545, 0.3604826033115387, 0.6858764886856079, -0.09823362529277802, 0.3220426142215729, 0.6103394031524658, -0.14257816970348358, 0.2769755721092224, 0.5481843948364258, -0.18760202825069427, 0.36286497116088867, 0.5339066982269287, -0.04182504117488861, 0.3170279264450073, 0.4414486885070801, -0.0830557644367218, 0.2923581600189209, 0.4483582675457001, -0.10663503408432007, 0.2741566002368927, 0.4825960695743561, -0.12336630374193192, 0.41605985164642334, 0.5039346814155579, -0.052618738263845444, 0.3745167851448059, 0.35785573720932007, -0.08651948720216751, 0.3484499454498291, 0.2716164290904999, -0.12427858263254166, 0.3227243721485138, 0.19774460792541504, -0.15635789930820465, 0.4719560444355011, 0.5063943266868591, -0.07303572446107864, 0.44770097732543945, 0.3649365305900574, -0.10116762667894363, 0.4325627088546753, 0.2805941104888916, -0.1339043527841568, 0.4170764684677124, 0.21089619398117065, -0.1626502275466919, 0.5314739346504211, 0.5255359411239624, -0.101066954433918, 0.5382423400878906, 0.42496752738952637, -0.12545765936374664, 0.5426923036575317, 0.3536999523639679, -0.14625152945518494, 0.5412091016769409, 0.282348096370697, -0.16537940502166748,okay
0.5028219819068909, 0.817815899848938, -1.506905888959409e-08, 0.4142814874649048, 0.7768036127090454, -0.055958352982997894, 0.3623051643371582, 0.6861342787742615, -0.09894300997257233, 0.32370710372924805, 0.6108245849609375, -0.1427495777606964, 0.27788645029067993, 0.5492392182350159, -0.18743352591991425, 0.36407560110092163, 0.5314428806304932, -0.04350338876247406, 0.32020077109336853, 0.43931591510772705, -0.08403679728507996, 0.2954874038696289, 0.4447154402732849, -0.10665585100650787, 0.2774999737739563, 0.4762301743030548, -0.12290626764297485, 0.41692569851875305, 0.5027269124984741, -0.05422560125589371, 0.377800315618515, 0.3593788743019104, -0.08709665387868881, 0.35240814089775085, 0.27362868189811707, -0.1227792352437973, 0.32787784934043884, 0.19937103986740112, -0.15354706346988678, 0.4722035527229309, 0.5062254667282104, -0.07467487454414368, 0.4497773349285126, 0.366854727268219, -0.10312953591346741, 0.43569251894950867, 0.28275126218795776, -0.1352560967206955, 0.42145174741744995, 0.21164661645889282, -0.1634935587644577, 0.5306563973426819, 0.5264342427253723, -0.10280919075012207, 0.5387386083602905, 0.42816391587257385, -0.12813988327980042, 0.5433794856071472, 0.35752153396606445, -0.14911532402038574, 0.5424614548683167, 0.2860015630722046, -0.16813978552818298,okay
0.5017639398574829, 0.8217233419418335, -1.4301426709550924e-08, 0.41313931345939636, 0.77663654088974, -0.054437242448329926, 0.3611486554145813, 0.6817154288291931, -0.09579522162675858, 0.3222581744194031, 0.6053622364997864, -0.13898660242557526, 0.27569180727005005, 0.5441487431526184, -0.1830126792192459, 0.36373451352119446, 0.5308960676193237, -0.03194204717874527, 0.3206506669521332, 0.43892744183540344, -0.06962267309427261, 0.29626137018203735, 0.4440051317214966, -0.09191160649061203, 0.2775106728076935, 0.4765033423900604, -0.10819822549819946, 0.4165566861629486, 0.5028587579727173, -0.04309769719839096, 0.37782445549964905, 0.3595411479473114, -0.07179205119609833, 0.35189148783683777, 0.2733916938304901, -0.1077171117067337, 0.32614368200302124, 0.19911867380142212, -0.13902977108955383, 0.47168707847595215, 0.5062242746353149, -0.06465569883584976, 0.44871261715888977, 0.36586812138557434, -0.08869113773107529, 0.4336867332458496, 0.2799193263053894, -0.1205175444483757, 0.4182126224040985, 0.2081035077571869, -0.1493830382823944, 0.5300650000572205, 0.5254757404327393, -0.0942455306649208, 0.5367636680603027, 0.4244646728038788, -0.11595344543457031, 0.5400004982948303, 0.3518807291984558, -0.13609826564788818, 0.5376713275909424, 0.2789573073387146, -0.15519151091575623,okay
0.5016847848892212, 0.8148647546768188, -1.4878598797452014e-08, 0.41476622223854065, 0.7744993567466736, -0.05904175341129303, 0.36030009388923645, 0.6866309642791748, -0.10486853867769241, 0.3215388059616089, 0.612872302532196, -0.1511903703212738, 0.2746865749359131, 0.5509440898895264, -0.1977052539587021, 0.3584561049938202, 0.5346764922142029, -0.046644680202007294, 0.31446921825408936, 0.43957680463790894, -0.08943650126457214, 0.2936553657054901, 0.44828560948371887, -0.11364329606294632, 0.27895814180374146, 0.486545205116272, -0.1307189166545868, 0.4123011529445648, 0.5026494264602661, -0.05540486425161362, 0.3694835305213928, 0.3577079772949219, -0.09167705476284027, 0.34282517433166504, 0.2733677625656128, -0.13078592717647552, 0.31542524695396423, 0.2007436752319336, -0.1634933203458786, 0.4693184196949005, 0.5028320550918579, -0.0739375427365303, 0.44567322731018066, 0.3619694709777832, -0.10313234478235245, 0.4310165047645569, 0.27723047137260437, -0.1364658772945404, 0.4146084785461426, 0.2073976993560791, -0.16553935408592224, 0.5295789837837219, 0.5206798315048218, -0.1003481075167656, 0.5361778736114502, 0.41799503564834595, -0.12471191585063934, 0.54069983959198, 0.3462313711643219, -0.1458052098751068, 0.5385159850120544, 0.27536290884017944, -0.1652613878250122,okay
0.499180406332016, 0.8157763481140137, -1.5189815627536518e-08, 0.4136553704738617, 0.7764077186584473, -0.06279891729354858, 0.3604872524738312, 0.6866923570632935, -0.11052390933036804, 0.32084643840789795, 0.612773060798645, -0.15804047882556915, 0.27378547191619873, 0.5489814281463623, -0.20606130361557007, 0.3612626791000366, 0.5318793058395386, -0.05140777677297592, 0.3188127875328064, 0.4367557168006897, -0.09650173038244247, 0.29384076595306396, 0.4403077960014343, -0.12296983599662781, 0.2748064398765564, 0.4709845781326294, -0.14154309034347534, 0.41391992568969727, 0.5012689232826233, -0.05920139327645302, 0.3738120496273041, 0.35814356803894043, -0.09670140594244003, 0.34633687138557434, 0.27568161487579346, -0.13555149734020233, 0.31863653659820557, 0.20313695073127747, -0.16782495379447937, 0.46983802318573, 0.5022726058959961, -0.07706169039011002, 0.44759422540664673, 0.3632041811943054, -0.10769832879304886, 0.43297278881073, 0.27981847524642944, -0.14051108062267303, 0.41696691513061523, 0.20803016424179077, -0.16894720494747162, 0.5294551253318787, 0.5218578577041626, -0.10317464917898178, 0.5377429723739624, 0.4198492169380188, -0.12921518087387085, 0.5428032279014587, 0.3463818430900574, -0.1504119485616684, 0.5413810014724731, 0.27118590474128723, -0.16951297223567963,okay
0.5008170008659363, 0.819862961769104, -1.407660477070749e-08, 0.4123569428920746, 0.7737504243850708, -0.04791639372706413, 0.3589961528778076, 0.678835391998291, -0.08862273395061493, 0.3207344710826874, 0.6016923189163208, -0.13248059153556824, 0.2740434408187866, 0.5381502509117126, -0.17730338871479034, 0.36379677057266235, 0.5270816683769226, -0.03256876394152641, 0.318010538816452, 0.437990665435791, -0.07394120842218399, 0.29217225313186646, 0.4434601664543152, -0.09899196773767471, 0.2727130651473999, 0.4756477475166321, -0.11701174825429916, 0.41515016555786133, 0.49942290782928467, -0.048036299645900726, 0.37352749705314636, 0.3577280640602112, -0.08300279080867767, 0.3455074429512024, 0.27368512749671936, -0.1218288242816925, 0.3174702823162079, 0.20083636045455933, -0.15432144701480865, 0.4698464572429657, 0.5044926404953003, -0.07298159599304199, 0.44531306624412537, 0.36486679315567017, -0.10138403624296188, 0.4292208254337311, 0.2797605097293854, -0.13294337689876556, 0.4126325845718384, 0.20927289128303528, -0.16099177300930023, 0.5282230973243713, 0.5275882482528687, -0.10523087531328201, 0.5345838069915771, 0.4254972040653229, -0.12983384728431702, 0.5377084612846375, 0.35269075632095337, -0.14970934391021729, 0.5352470874786377, 0.280301570892334, -0.16822382807731628,okay
0.4966488182544708, 0.8205370306968689, -1.2238717594925674e-08, 0.4110804498195648, 0.7747793197631836, -0.061514511704444885, 0.3556038737297058, 0.6817084550857544, -0.10939983278512955, 0.31697916984558105, 0.6049906611442566, -0.15740728378295898, 0.26899296045303345, 0.5420451164245605, -0.20561251044273376, 0.3551374673843384, 0.5297951102256775, -0.051203787326812744, 0.31012988090515137, 0.43876633048057556, -0.0995325967669487, 0.28577709197998047, 0.4402548372745514, -0.13057275116443634, 0.2668602168560028, 0.4683741331100464, -0.1521276980638504, 0.4079574942588806, 0.499748170375824, -0.059236690402030945, 0.3666731119155884, 0.3588055968284607, -0.1016714945435524, 0.3414844870567322, 0.27786773443222046, -0.14630265533924103, 0.31397372484207153, 0.2061985731124878, -0.18184608221054077, 0.46524953842163086, 0.5019986033439636, -0.07688985764980316, 0.4384163022041321, 0.3660075068473816, -0.11028412729501724, 0.4215727746486664, 0.283794641494751, -0.14563556015491486, 0.4017742872238159, 0.21468594670295715, -0.17533938586711884, 0.5268629789352417, 0.5260922312736511, -0.10251833498477936, 0.5316108465194702, 0.4236598014831543, -0.12939463555812836, 0.5353715419769287, 0.35211655497550964, -0.15111927688121796, 0.532294511795044, 0.2815476655960083, -0.1705770492553711,okay
0.4970082640647888, 0.8210599422454834, -1.3055341696599498e-08, 0.41047874093055725, 0.7760657072067261, -0.060378506779670715, 0.35661783814430237, 0.6826199293136597, -0.10658039897680283, 0.31707000732421875, 0.6064354181289673, -0.15350820124149323, 0.27064746618270874, 0.5443383455276489, -0.20111528038978577, 0.3568384349346161, 0.5301796793937683, -0.043469179421663284, 0.3124966621398926, 0.4404780864715576, -0.08740559220314026, 0.28741127252578735, 0.4433658719062805, -0.11521593481302261, 0.26845186948776245, 0.4732395112514496, -0.13473419845104218, 0.40953582525253296, 0.5006427764892578, -0.05208738148212433, 0.37123993039131165, 0.3605089783668518, -0.08769006282091141, 0.34727978706359863, 0.2786429822444916, -0.1280236840248108, 0.32209208607673645, 0.2081025242805481, -0.16135376691818237, 0.465854287147522, 0.502991259098053, -0.07093655318021774, 0.4408889710903168, 0.3655237555503845, -0.09934408962726593, 0.42630934715270996, 0.28081732988357544, -0.13275980949401855, 0.40965911746025085, 0.20995613932609558, -0.16207608580589294, 0.5258888006210327, 0.5249997973442078, -0.09807546436786652, 0.533511221408844, 0.4232295751571655, -0.12208462506532669, 0.5390726327896118, 0.3504892587661743, -0.14261165261268616, 0.5378976464271545, 0.2781958281993866, -0.16155274212360382,okay
0.49969005584716797, 0.8242284655570984, -1.1449465375790169e-08, 0.4118824601173401, 0.7805532813072205, -0.054597705602645874, 0.3564164638519287, 0.687981903553009, -0.09602434188127518, 0.31762343645095825, 0.609967052936554, -0.13831759989261627, 0.2705038785934448, 0.5480175018310547, -0.18116262555122375, 0.35749316215515137, 0.5377846360206604, -0.04034579545259476, 0.31280165910720825, 0.44372400641441345, -0.08370564132928848, 0.2870869040489197, 0.43775832653045654, -0.11156675964593887, 0.267661988735199, 0.45827680826187134, -0.13137127459049225, 0.40902769565582275, 0.5063492655754089, -0.0501629114151001, 0.36827096343040466, 0.36304813623428345, -0.08818048238754272, 0.3433923125267029, 0.27899622917175293, -0.1297495812177658, 0.3178689479827881, 0.20625931024551392, -0.16342370212078094, 0.4645017385482788, 0.5070918798446655, -0.06924370676279068, 0.4383099377155304, 0.3677520155906677, -0.1013859361410141, 0.4225127398967743, 0.28342509269714355, -0.1366972178220749, 0.40483754873275757, 0.21155354380607605, -0.1660742610692978, 0.5246210098266602, 0.5287612676620483, -0.09559429436922073, 0.5316727757453918, 0.42598849534988403, -0.12313569337129593, 0.5359673500061035, 0.3522089719772339, -0.14574405550956726, 0.533482551574707, 0.2782057821750641, -0.16553547978401184,okay
0.4976332187652588, 0.8215459585189819, -1.4009326143593626e-08, 0.41190946102142334, 0.7770093083381653, -0.061211466789245605, 0.3552214503288269, 0.6833443641662598, -0.1082872822880745, 0.3145664930343628, 0.6049340963363647, -0.1557466983795166, 0.26917099952697754, 0.5356308817863464, -0.2036198526620865, 0.3559756278991699, 0.5321285128593445, -0.046013716608285904, 0.31072765588760376, 0.4398518204689026, -0.08988822996616364, 0.286083459854126, 0.44135886430740356, -0.11697254329919815, 0.2687446177005768, 0.47002577781677246, -0.1358003169298172, 0.407543420791626, 0.5029252171516418, -0.05306391417980194, 0.3674073815345764, 0.36191433668136597, -0.08867097645998001, 0.34178030490875244, 0.28020474314689636, -0.12776628136634827, 0.3152303099632263, 0.2084965705871582, -0.15993526577949524, 0.4638417363166809, 0.5047909021377563, -0.07008136808872223, 0.4377615749835968, 0.3691110610961914, -0.09713190048933029, 0.42224982380867004, 0.2838991582393646, -0.12818467617034912, 0.40500637888908386, 0.2118070125579834, -0.15595215559005737, 0.5241353511810303, 0.526144802570343, -0.09552360326051712, 0.529534101486206, 0.42650046944618225, -0.11775622516870499, 0.5347443222999573, 0.3546794652938843, -0.13639570772647858, 0.5338305234909058, 0.28216227889060974, -0.15396659076213837,okay
0.4985913336277008, 0.8219023942947388, -1.382425995899439e-08, 0.41227447986602783, 0.7799896001815796, -0.05655558407306671, 0.35559961199760437, 0.6867743730545044, -0.10142648965120316, 0.31635433435440063, 0.6094297766685486, -0.147292822599411, 0.27037400007247925, 0.5449727177619934, -0.19370347261428833, 0.35446402430534363, 0.5344070196151733, -0.04650826007127762, 0.3108467757701874, 0.44243475794792175, -0.09199400991201401, 0.286329448223114, 0.44643497467041016, -0.11904730647802353, 0.26903676986694336, 0.4795612096786499, -0.1375500112771988, 0.40625160932540894, 0.5037575960159302, -0.05663497373461723, 0.36628639698028564, 0.36153849959373474, -0.0954892709851265, 0.3398592472076416, 0.27962127327919006, -0.1355639398097992, 0.3127135634422302, 0.209396630525589, -0.1680484116077423, 0.46278220415115356, 0.5048964619636536, -0.07625134289264679, 0.43662869930267334, 0.3677275776863098, -0.10708485543727875, 0.4198841452598572, 0.2836461067199707, -0.1392240971326828, 0.40120330452919006, 0.2139681577682495, -0.16686560213565826, 0.5236921310424805, 0.5254772901535034, -0.10365843772888184, 0.5281041264533997, 0.4237917363643646, -0.12896579504013062, 0.532077968120575, 0.350689172744751, -0.14879031479358673, 0.529548704624176, 0.2781960964202881, -0.16674484312534332,okay
0.49729493260383606, 0.8213450908660889, -1.2976052232716029e-08, 0.4091566801071167, 0.7781267166137695, -0.060428436845541, 0.3540109395980835, 0.6861794590950012, -0.10605394095182419, 0.313568115234375, 0.6108759045600891, -0.15209949016571045, 0.26374125480651855, 0.5535359978675842, -0.19903434813022614, 0.35295093059539795, 0.5347319841384888, -0.04636765643954277, 0.3081952929496765, 0.44236502051353455, -0.0915772095322609, 0.2827264070510864, 0.4423612356185913, -0.12051001936197281, 0.26336759328842163, 0.4688281714916229, -0.1410207897424698, 0.40593358874320984, 0.5047941207885742, -0.05552922189235687, 0.3657880425453186, 0.3637111783027649, -0.09364122152328491, 0.3406842052936554, 0.2814117968082428, -0.13648442924022675, 0.31515443325042725, 0.2104758620262146, -0.1715693324804306, 0.4627878665924072, 0.506009578704834, -0.07473955303430557, 0.4354424774646759, 0.36925071477890015, -0.10689448565244675, 0.418085515499115, 0.2861001789569855, -0.14439858496189117, 0.3991485834121704, 0.21614223718643188, -0.17589427530765533, 0.5245462656021118, 0.5258514881134033, -0.10176479071378708, 0.5292412638664246, 0.4211027920246124, -0.12951137125492096, 0.533023476600647, 0.34532225131988525, -0.15361934900283813, 0.5305883288383484, 0.27003175020217896, -0.17501656711101532,okay
0.49561378359794617, 0.8201718926429749, -1.2823859307786734e-08, 0.4079306423664093, 0.7769840359687805, -0.062337733805179596, 0.3535756468772888, 0.6856945157051086, -0.10886428505182266, 0.3132324516773224, 0.6103308796882629, -0.15557248890399933, 0.26496371626853943, 0.5502023100852966, -0.20311667025089264, 0.3522363305091858, 0.5356076955795288, -0.047000542283058167, 0.3089810609817505, 0.44364842772483826, -0.09169263392686844, 0.2851797938346863, 0.44478839635849, -0.12004732340574265, 0.2675793766975403, 0.4726524353027344, -0.14009398221969604, 0.4053134620189667, 0.505346417427063, -0.05511333420872688, 0.3667450249195099, 0.36386096477508545, -0.09257155656814575, 0.3424587845802307, 0.28177857398986816, -0.1350676566362381, 0.3173387050628662, 0.2113519310951233, -0.16987015306949615, 0.4618913531303406, 0.5060049295425415, -0.07342471182346344, 0.434937447309494, 0.3691818416118622, -0.10463808476924896, 0.41788163781166077, 0.2852324843406677, -0.14167004823684692, 0.3994131088256836, 0.21507900953292847, -0.17308586835861206, 0.5230833292007446, 0.5252380967140198, -0.09977972507476807, 0.5267589688301086, 0.42093807458877563, -0.1263808310031891, 0.5306962728500366, 0.3473019301891327, -0.1497034728527069, 0.5288508534431458, 0.2750730812549591, -0.17065446078777313,okay
0.4976600408554077, 0.8216973543167114, -1.118820058820802e-08, 0.4112119972705841, 0.7793854475021362, -0.06411510705947876, 0.35222113132476807, 0.6888521909713745, -0.11087699234485626, 0.3113994598388672, 0.6116930246353149, -0.15769675374031067, 0.2654575705528259, 0.5481699109077454, -0.2051524817943573, 0.35178977251052856, 0.5380426645278931, -0.044228579849004745, 0.3078927993774414, 0.4480017423629761, -0.08870599418878555, 0.28585946559906006, 0.4465477466583252, -0.1182415708899498, 0.2701570987701416, 0.47093018889427185, -0.13895395398139954, 0.4034579396247864, 0.5058017373085022, -0.0501435212790966, 0.3649405837059021, 0.36911410093307495, -0.0869913399219513, 0.3422911763191223, 0.2892976403236389, -0.12971289455890656, 0.31784674525260925, 0.21985504031181335, -0.1642461121082306, 0.45981499552726746, 0.5045545101165771, -0.06659288704395294, 0.4318784773349762, 0.3712199926376343, -0.09620798379182816, 0.41615933179855347, 0.28744199872016907, -0.13199888169765472, 0.3979330062866211, 0.2169206440448761, -0.16246311366558075, 0.5213820934295654, 0.5242471694946289, -0.09151459485292435, 0.5243909358978271, 0.4217790365219116, -0.11647249758243561, 0.5274210572242737, 0.3494308888912201, -0.13856375217437744, 0.5240161418914795, 0.27771642804145813, -0.15844833850860596,okay
0.4963932931423187, 0.8247294425964355, -1.240305369520911e-08, 0.4096830487251282, 0.7816680073738098, -0.05454647168517113, 0.35137316584587097, 0.6902974843978882, -0.09714481234550476, 0.3109431266784668, 0.6144065856933594, -0.1413280963897705, 0.2649089992046356, 0.5546191930770874, -0.18624109029769897, 0.35580974817276, 0.5353397130966187, -0.036886706948280334, 0.31142541766166687, 0.4456539750099182, -0.07977581024169922, 0.286215215921402, 0.4431716501712799, -0.10852484405040741, 0.2678993344306946, 0.4680158197879791, -0.12873052060604095, 0.4062029719352722, 0.5050724148750305, -0.04655139148235321, 0.3677569031715393, 0.3667278289794922, -0.08252701908349991, 0.34316426515579224, 0.2852392792701721, -0.12392385303974152, 0.3175032436847687, 0.215134859085083, -0.15737108886241913, 0.46135762333869934, 0.506001353263855, -0.06571692228317261, 0.43470650911331177, 0.37062591314315796, -0.09403479099273682, 0.4196597635746002, 0.28392142057418823, -0.1270427703857422, 0.4029068052768707, 0.21126115322113037, -0.1554458886384964, 0.5214205980300903, 0.5281431078910828, -0.09270434081554413, 0.5251845121383667, 0.4268578290939331, -0.11645229160785675, 0.52867192029953, 0.35415613651275635, -0.13623906672000885, 0.5263062715530396, 0.28242695331573486, -0.1541675478219986,okay
0.49736031889915466, 0.8195688724517822, -1.2844074248619108e-08, 0.4094451665878296, 0.7757514715194702, -0.04939017444849014, 0.34983059763908386, 0.6868428587913513, -0.0909569263458252, 0.3093133866786957, 0.6118030548095703, -0.1346019208431244, 0.26427048444747925, 0.5499033331871033, -0.17838509380817413, 0.3539966344833374, 0.5362026691436768, -0.03730219602584839, 0.30617788434028625, 0.4472349286079407, -0.08099251240491867, 0.27966558933258057, 0.45520147681236267, -0.1084812581539154, 0.26124292612075806, 0.4884850084781647, -0.12770241498947144, 0.40430042147636414, 0.507430374622345, -0.049283575266599655, 0.36501023173332214, 0.3651178479194641, -0.08744388073682785, 0.3395748436450958, 0.28230172395706177, -0.12916997075080872, 0.3136129081249237, 0.20962655544281006, -0.16274216771125793, 0.4597324728965759, 0.5102487206459045, -0.069964200258255, 0.4338473975658417, 0.37254583835601807, -0.09886054694652557, 0.4168030023574829, 0.2869696319103241, -0.13052864372730255, 0.398373007774353, 0.21482133865356445, -0.1579107940196991, 0.520087480545044, 0.5329298377037048, -0.0978122353553772, 0.5236152410507202, 0.43072348833084106, -0.12149687856435776, 0.5255171060562134, 0.3574819564819336, -0.1403851956129074, 0.521573543548584, 0.28394368290901184, -0.15769603848457336,okay
0.4994640350341797, 0.8243192434310913, -1.2873205612606853e-08, 0.4117123782634735, 0.7859389781951904, -0.05644800886511803, 0.35407349467277527, 0.695022463798523, -0.09952084720134735, 0.312832772731781, 0.6184545755386353, -0.14351867139339447, 0.26272332668304443, 0.5607010722160339, -0.18843482434749603, 0.35561853647232056, 0.5404853224754333, -0.04051158204674721, 0.30753663182258606, 0.455630898475647, -0.08487723767757416, 0.27843886613845825, 0.457410991191864, -0.11338022351264954, 0.2576213479042053, 0.4860245883464813, -0.13338859379291534, 0.4056975245475769, 0.5075443387031555, -0.05064082518219948, 0.36652621626853943, 0.3705822229385376, -0.08725912868976593, 0.3394143581390381, 0.28844112157821655, -0.12838146090507507, 0.31212788820266724, 0.21845310926437378, -0.16226212680339813, 0.46017104387283325, 0.5074641108512878, -0.07071998715400696, 0.4335147738456726, 0.3701682686805725, -0.10164597630500793, 0.4148530662059784, 0.2842022776603699, -0.1365487426519394, 0.39372876286506653, 0.21121954917907715, -0.16639232635498047, 0.5195503830909729, 0.528357207775116, -0.09857235848903656, 0.5268893837928772, 0.42652595043182373, -0.12578992545604706, 0.5309398174285889, 0.3518458902835846, -0.14783672988414764, 0.5275694727897644, 0.27754682302474976, -0.16746221482753754,okay
0.5024166107177734, 0.8195971250534058, -1.2863739407009689e-08, 0.41476818919181824, 0.7800077795982361, -0.04873591661453247, 0.3543887138366699, 0.6916327476501465, -0.08789427578449249, 0.3134728968143463, 0.6168568730354309, -0.12863320112228394, 0.26426053047180176, 0.5632895827293396, -0.1700281798839569, 0.3566878139972687, 0.5357812643051147, -0.03899993374943733, 0.307697594165802, 0.44930946826934814, -0.08330478519201279, 0.2801065444946289, 0.4469905495643616, -0.11251945793628693, 0.26046517491340637, 0.47053998708724976, -0.1331387460231781, 0.4066410958766937, 0.5031630396842957, -0.05130688473582268, 0.36561617255210876, 0.3645486831665039, -0.09104422479867935, 0.3396185040473938, 0.2824636399745941, -0.13434991240501404, 0.3129122853279114, 0.21228119730949402, -0.16906556487083435, 0.4617951810359955, 0.5034310817718506, -0.07202037423849106, 0.43480348587036133, 0.36662307381629944, -0.10532072931528091, 0.41841837763786316, 0.2808344066143036, -0.14127430319786072, 0.3998669981956482, 0.2088502049446106, -0.1708231121301651, 0.5222597122192383, 0.5266991257667542, -0.09935881197452545, 0.5271890759468079, 0.42474180459976196, -0.12765729427337646, 0.5299593806266785, 0.3524973690509796, -0.15015527606010437, 0.5265977382659912, 0.28227055072784424, -0.16966167092323303,okay
0.5003157258033752, 0.8178579807281494, -1.2898935253247146e-08, 0.41154879331588745, 0.7778329253196716, -0.05146908015012741, 0.3537924289703369, 0.6908836364746094, -0.0925506204366684, 0.3129783272743225, 0.6175962090492249, -0.13538271188735962, 0.2657344341278076, 0.5598357319831848, -0.17921076714992523, 0.3544727563858032, 0.5367608070373535, -0.03931152820587158, 0.309602290391922, 0.44547468423843384, -0.08312974125146866, 0.28466543555259705, 0.44517549872398376, -0.11109978705644608, 0.26656877994537354, 0.4728242754936218, -0.130849227309227, 0.4063003957271576, 0.5046272277832031, -0.05133649334311485, 0.36575016379356384, 0.3624512553215027, -0.09037534892559052, 0.3394656777381897, 0.27884915471076965, -0.13318438827991486, 0.3126225471496582, 0.2089766561985016, -0.1676102727651596, 0.46204617619514465, 0.5041836500167847, -0.07228244841098785, 0.4358294606208801, 0.3648880124092102, -0.10530625283718109, 0.41997990012168884, 0.2799428403377533, -0.1414262056350708, 0.40200668573379517, 0.20987194776535034, -0.17121686041355133, 0.522200882434845, 0.5235665440559387, -0.1001967340707779, 0.5279880166053772, 0.42076411843299866, -0.12838846445083618, 0.5315389633178711, 0.347007691860199, -0.1511790156364441, 0.5282390117645264, 0.2751668393611908, -0.17099158465862274,okay
0.49986615777015686, 0.8175077438354492, -1.338365684944165e-08, 0.41232433915138245, 0.7759966850280762, -0.05469603091478348, 0.3531018793582916, 0.6881343126296997, -0.09905897825956345, 0.3110651969909668, 0.6145862936973572, -0.14451591670513153, 0.2648715674877167, 0.5548303723335266, -0.19038143754005432, 0.3524293601512909, 0.5351769924163818, -0.04529761150479317, 0.3038371503353119, 0.44889289140701294, -0.09018398076295853, 0.2786717116832733, 0.458035409450531, -0.11769340187311172, 0.26224035024642944, 0.49275100231170654, -0.1368328183889389, 0.40404441952705383, 0.5029587149620056, -0.055417001247406006, 0.363864004611969, 0.3634742796421051, -0.09448965638875961, 0.3387545049190521, 0.28128841519355774, -0.13586489856243134, 0.3134310245513916, 0.20923903584480286, -0.16923922300338745, 0.46035638451576233, 0.5027411580085754, -0.07437995076179504, 0.4327336549758911, 0.36532658338546753, -0.10453765094280243, 0.4157365560531616, 0.28061893582344055, -0.13669128715991974, 0.39737245440483093, 0.20905473828315735, -0.1644972264766693, 0.521355390548706, 0.5224544405937195, -0.10083342343568802, 0.5264093279838562, 0.4194965660572052, -0.12561360001564026, 0.5303144454956055, 0.3462581932544708, -0.14493624866008759, 0.527827799320221, 0.27321475744247437, -0.16254720091819763,okay
0.49587637186050415, 0.816805362701416, -1.451054476575564e-08, 0.40839678049087524, 0.7751364707946777, -0.05667601153254509, 0.35169655084609985, 0.6847373247146606, -0.10206657648086548, 0.3109000027179718, 0.6099258661270142, -0.1481218934059143, 0.26413825154304504, 0.5485854744911194, -0.19440355896949768, 0.35090476274490356, 0.5357733964920044, -0.04684944450855255, 0.30287981033325195, 0.4536817669868469, -0.09381765872240067, 0.2772982716560364, 0.46486324071884155, -0.12265990674495697, 0.25989294052124023, 0.5010916590690613, -0.14252327382564545, 0.40181154012680054, 0.5041853785514832, -0.05668676644563675, 0.3607115149497986, 0.36520177125930786, -0.09779440611600876, 0.33499962091445923, 0.2825263738632202, -0.14083831012248993, 0.30811330676078796, 0.20799219608306885, -0.17540009319782257, 0.45787307620048523, 0.5049632787704468, -0.0757865384221077, 0.4301503300666809, 0.36764615774154663, -0.10742969065904617, 0.4134587347507477, 0.2827244997024536, -0.14051750302314758, 0.3955971300601959, 0.20991405844688416, -0.16903182864189148, 0.5189053416252136, 0.5249707698822021, -0.10252264887094498, 0.5234648585319519, 0.42085155844688416, -0.12816791236400604, 0.5272699594497681, 0.3466048240661621, -0.1482955664396286, 0.5250965356826782, 0.2715938091278076, -0.16668303310871124,okay
0.4969272017478943, 0.8205398917198181, -1.255647763542811e-08, 0.40940436720848083, 0.7798492312431335, -0.06304668635129929, 0.3517167568206787, 0.688339114189148, -0.10836585611104965, 0.310373455286026, 0.6110201478004456, -0.1528090387582779, 0.261868417263031, 0.5507838726043701, -0.19780562818050385, 0.3460671901702881, 0.5401596426963806, -0.049925245344638824, 0.29734519124031067, 0.4528394043445587, -0.09549093246459961, 0.2726621925830841, 0.4567922353744507, -0.12321949750185013, 0.25597280263900757, 0.48835787177085876, -0.14225508272647858, 0.3992922008037567, 0.5069081783294678, -0.05603044480085373, 0.35716956853866577, 0.36896586418151855, -0.09471091628074646, 0.33259958028793335, 0.287513792514801, -0.13646471500396729, 0.3071382939815521, 0.21670296788215637, -0.17026787996292114, 0.4569573998451233, 0.5055235028266907, -0.0722087174654007, 0.4270462691783905, 0.36875566840171814, -0.10486413538455963, 0.4095827043056488, 0.28514161705970764, -0.14138178527355194, 0.39028680324554443, 0.21445715427398682, -0.17185087502002716, 0.519084095954895, 0.5236148238182068, -0.09630094468593597, 0.5219897031784058, 0.4205706715583801, -0.12411317229270935, 0.5244801044464111, 0.3481327295303345, -0.14748813211917877, 0.5207710862159729, 0.2759549915790558, -0.1680060625076294,okay
0.4952837824821472, 0.8211154341697693, -1.3355228034583888e-08, 0.407571405172348, 0.7794903516769409, -0.05730300396680832, 0.35065943002700806, 0.688494861125946, -0.10237990319728851, 0.3087429404258728, 0.6151177883148193, -0.1481892615556717, 0.2591652274131775, 0.5598694086074829, -0.19514358043670654, 0.3491794168949127, 0.5387036800384521, -0.04790559038519859, 0.3011663258075714, 0.4499082863330841, -0.09357008337974548, 0.276716023683548, 0.4573291540145874, -0.1214037761092186, 0.2600404620170593, 0.4918697476387024, -0.14089642465114594, 0.4016709327697754, 0.5082864761352539, -0.05849779397249222, 0.35975155234336853, 0.36899513006210327, -0.09701914340257645, 0.33372244238853455, 0.28648504614830017, -0.13896332681179047, 0.30751854181289673, 0.21522116661071777, -0.1735297590494156, 0.4587278962135315, 0.5087156295776367, -0.07860055565834045, 0.4281127452850342, 0.3699990212917328, -0.11046014726161957, 0.40950512886047363, 0.2836395800113678, -0.14663371443748474, 0.390051007270813, 0.2116425335407257, -0.1776825487613678, 0.5204349756240845, 0.5270446538925171, -0.10628784447908401, 0.5218397378921509, 0.42312827706336975, -0.13339325785636902, 0.5232083797454834, 0.34954386949539185, -0.15615732967853546, 0.5188862681388855, 0.2766387462615967, -0.17681287229061127,okay
0.4968079626560211, 0.8188865780830383, -1.2999975318450652e-08, 0.40979573130607605, 0.7784555554389954, -0.05735796317458153, 0.3510420322418213, 0.6890964508056641, -0.10172468423843384, 0.3096359372138977, 0.6128193736076355, -0.1462954580783844, 0.26163533329963684, 0.5516051650047302, -0.1910497397184372, 0.3494890034198761, 0.5373972654342651, -0.04689653962850571, 0.3005518615245819, 0.44588732719421387, -0.09122329950332642, 0.2755819261074066, 0.4477939009666443, -0.11881238222122192, 0.25846266746520996, 0.47556594014167786, -0.1381383240222931, 0.4005349278450012, 0.5051628947257996, -0.05506843701004982, 0.3586058020591736, 0.36499860882759094, -0.09346739947795868, 0.3342623710632324, 0.28400081396102905, -0.13434812426567078, 0.3091694712638855, 0.2129743993282318, -0.1673567146062851, 0.4565803110599518, 0.50449538230896, -0.07230105996131897, 0.42758578062057495, 0.368269145488739, -0.10294586420059204, 0.4110678732395172, 0.2829156816005707, -0.1362377256155014, 0.39308425784111023, 0.21062657237052917, -0.16454315185546875, 0.5175683498382568, 0.5245535373687744, -0.09708201140165329, 0.5213989019393921, 0.4212477505207062, -0.12265563011169434, 0.5260692834854126, 0.34789443016052246, -0.14322508871555328, 0.5248143076896667, 0.27562353014945984, -0.16154859960079193,okay
0.4939887225627899, 0.8229916095733643, -1.3605336413036184e-08, 0.4059244394302368, 0.7799087762832642, -0.0539119653403759, 0.34762120246887207, 0.6869531869888306, -0.0973314493894577, 0.30499374866485596, 0.6116215586662292, -0.14220136404037476, 0.25694793462753296, 0.5500707626342773, -0.18736879527568817, 0.34805828332901, 0.5379072427749634, -0.040968071669340134, 0.2993495464324951, 0.4456365406513214, -0.08525089919567108, 0.2721444368362427, 0.4504741132259369, -0.11166112869977951, 0.25405681133270264, 0.48468732833862305, -0.1297561079263687, 0.39883720874786377, 0.5069380402565002, -0.05160139873623848, 0.3569878041744232, 0.36680668592453003, -0.08915181457996368, 0.3290877342224121, 0.28526827692985535, -0.12827125191688538, 0.3010543882846832, 0.21484458446502686, -0.159876748919487, 0.4550282955169678, 0.5076619386672974, -0.07171890884637833, 0.4279487729072571, 0.3696713447570801, -0.10152633488178253, 0.409236878156662, 0.28536903858184814, -0.13221128284931183, 0.38863232731819153, 0.2154090702533722, -0.15875881910324097, 0.5161424875259399, 0.5281270742416382, -0.09953946620225906, 0.5227517485618591, 0.42285382747650146, -0.12446769326925278, 0.5262077450752258, 0.34778910875320435, -0.143228679895401, 0.5227178335189819, 0.27390775084495544, -0.1601676642894745,okay
0.4929037392139435, 0.819089412689209, -1.2240293223442222e-08, 0.4054199159145355, 0.7763683795928955, -0.055186349898576736, 0.34897273778915405, 0.6885856986045837, -0.09801655262708664, 0.30718570947647095, 0.6140882968902588, -0.14130723476409912, 0.2583978772163391, 0.5549235939979553, -0.18515901267528534, 0.34713512659072876, 0.5392249226570129, -0.04449386149644852, 0.299950510263443, 0.45064085721969604, -0.08891376107931137, 0.2730184495449066, 0.4479575753211975, -0.11694522947072983, 0.25353968143463135, 0.47124767303466797, -0.13636206090450287, 0.3990400731563568, 0.5061092972755432, -0.05350962653756142, 0.35801732540130615, 0.3656350374221802, -0.09211774170398712, 0.33248335123062134, 0.28299614787101746, -0.1328633725643158, 0.3060097098350525, 0.21222230792045593, -0.1656627207994461, 0.45548197627067566, 0.505107581615448, -0.07153654098510742, 0.42801666259765625, 0.3664473593235016, -0.10373605042695999, 0.4109417200088501, 0.28115007281303406, -0.13772229850292206, 0.3914494812488556, 0.20959705114364624, -0.16607987880706787, 0.5166612863540649, 0.525012195110321, -0.09680557996034622, 0.5231438875198364, 0.42110997438430786, -0.12379027158021927, 0.5275939702987671, 0.347940593957901, -0.14488543570041656, 0.5248562097549438, 0.2766159176826477, -0.1633889377117157,okay
0.49365541338920593, 0.816034197807312, -1.340542521433008e-08, 0.40535178780555725, 0.7727624773979187, -0.057970985770225525, 0.3499796986579895, 0.6834357976913452, -0.10152598470449448, 0.3094184398651123, 0.6099045276641846, -0.14503246545791626, 0.25886261463165283, 0.5602970719337463, -0.18916423618793488, 0.3423313498497009, 0.5386075377464294, -0.050171609967947006, 0.2929303050041199, 0.45866984128952026, -0.0998268574476242, 0.2672545313835144, 0.47003278136253357, -0.13040412962436676, 0.2499695122241974, 0.5072848796844482, -0.15131786465644836, 0.39493057131767273, 0.5058654546737671, -0.06024684011936188, 0.3522113263607025, 0.3677794933319092, -0.10535803437232971, 0.3272027373313904, 0.2843326926231384, -0.15257705748081207, 0.30208832025527954, 0.21070975065231323, -0.1901417225599289, 0.4526400864124298, 0.5061763525009155, -0.0798710286617279, 0.4230840504169464, 0.36852842569351196, -0.11878851801156998, 0.40502530336380005, 0.28491705656051636, -0.15952593088150024, 0.3861631453037262, 0.2138623595237732, -0.1921723186969757, 0.5154919028282166, 0.5254302024841309, -0.10650249570608139, 0.5184682607650757, 0.4191594421863556, -0.13942426443099976, 0.5203822255134583, 0.3441157341003418, -0.16600142419338226, 0.5166209936141968, 0.2699406147003174, -0.1886713057756424,okay
0.5079443454742432, 0.8200913667678833, -1.1574349478848944e-08, 0.419271320104599, 0.7828136086463928, -0.049596913158893585, 0.3613467216491699, 0.6973075866699219, -0.08939828723669052, 0.3202747702598572, 0.6237738728523254, -0.13084344565868378, 0.2730507254600525, 0.568347156047821, -0.17355328798294067, 0.3574722111225128, 0.5402857661247253, -0.0444108285009861, 0.30976638197898865, 0.4553430676460266, -0.09228310734033585, 0.2834172248840332, 0.45417749881744385, -0.12312212586402893, 0.2645363211631775, 0.47771018743515015, -0.1446443796157837, 0.4085056185722351, 0.5060285329818726, -0.058103058487176895, 0.3656578063964844, 0.3692604899406433, -0.10377408564090729, 0.3401513993740082, 0.2877453565597534, -0.14913396537303925, 0.31361711025238037, 0.21671342849731445, -0.1845122128725052, 0.46481263637542725, 0.5043184161186218, -0.08019697666168213, 0.435274213552475, 0.3693925738334656, -0.12019304186105728, 0.4191065728664398, 0.28552332520484924, -0.15853531658649445, 0.40093672275543213, 0.21415814757347107, -0.18856915831565857, 0.5267779231071472, 0.5246414542198181, -0.10865794122219086, 0.5318723917007446, 0.42092400789260864, -0.14258968830108643, 0.5355638265609741, 0.34790632128715515, -0.16750481724739075, 0.5326826572418213, 0.27651000022888184, -0.18801401555538177,okay
0.5069549679756165, 0.8251178860664368, -1.0091014246427221e-08, 0.4203214645385742, 0.7844951152801514, -0.05115615576505661, 0.36042988300323486, 0.6960375905036926, -0.09202812612056732, 0.32026514410972595, 0.6175752878189087, -0.13411590456962585, 0.2693077325820923, 0.5622908473014832, -0.17690283060073853, 0.359386682510376, 0.5413395762443542, -0.041902925819158554, 0.3100986182689667, 0.45692700147628784, -0.08911304920911789, 0.28540506958961487, 0.4507909417152405, -0.1222107782959938, 0.26724278926849365, 0.46545058488845825, -0.1455496996641159, 0.4083741009235382, 0.5076779723167419, -0.05340418592095375, 0.3661787807941437, 0.3736913800239563, -0.09680353850126266, 0.34236496686935425, 0.2947688698768616, -0.14353689551353455, 0.31696292757987976, 0.22430157661437988, -0.1800425499677658, 0.4639366567134857, 0.5063998103141785, -0.07331269234418869, 0.43201392889022827, 0.371334433555603, -0.10942899435758591, 0.41536176204681396, 0.28466126322746277, -0.14753331243991852, 0.3973442316055298, 0.21040672063827515, -0.17809361219406128, 0.5265051126480103, 0.5299780964851379, -0.09975751489400864, 0.5271401405334473, 0.4223657548427582, -0.1292964369058609, 0.5299026966094971, 0.3488829731941223, -0.15247389674186707, 0.5276168584823608, 0.2776394486427307, -0.17235910892486572,okay
0.5161053538322449, 0.8238063454627991, -1.230795021456288e-08, 0.4297124445438385, 0.7855659127235413, -0.047962736338377, 0.36931687593460083, 0.6964576840400696, -0.08465542644262314, 0.3273286521434784, 0.618659257888794, -0.12336687743663788, 0.28334861993789673, 0.5589866042137146, -0.1628628820180893, 0.37094515562057495, 0.5387635231018066, -0.03243466094136238, 0.32590168714523315, 0.4544656574726105, -0.07630902528762817, 0.2966409921646118, 0.44883546233177185, -0.10544026643037796, 0.274136483669281, 0.4690983295440674, -0.1256965696811676, 0.4184283912181854, 0.5044853687286377, -0.04484357312321663, 0.38037651777267456, 0.36715418100357056, -0.08454576879739761, 0.35224997997283936, 0.2852136194705963, -0.12684938311576843, 0.32292142510414124, 0.2144547700881958, -0.160100057721138, 0.4718807339668274, 0.5038657188415527, -0.06622416526079178, 0.4479164779186249, 0.36795103549957275, -0.10074236989021301, 0.43214303255081177, 0.2833347022533417, -0.13476625084877014, 0.41359183192253113, 0.21053612232208252, -0.16201180219650269, 0.5324077606201172, 0.5267494320869446, -0.09447222203016281, 0.5406150221824646, 0.4245084524154663, -0.12423049658536911, 0.5453331470489502, 0.3524920344352722, -0.14545556902885437, 0.5432469248771667, 0.2812204957008362, -0.16305045783519745,okay
